HG46/X-038-001 Tulip Glass 40.5 oz.,$12.89,https://m.media-amazon.com/images/I/71-zCFUv9RL._AC_UL320_.jpg
HB46/BARSTIK-PB-001 Barstik 9" - Black,$21.05,https://m.media-amazon.com/images/I/71IZ6ViCh8L._AC_UL320_.jpg
HB46/JULEP-G-001 Juliep 6.5" Dual Purpose Strainer - Gold,$9.39,https://m.media-amazon.com/images/I/71zKOOVQd6L._AC_UL320_.jpg
HB46/BF006-001 Barflow 4.75" - Black,$10.92,https://m.media-amazon.com/images/I/61BiPWOyzkL._AC_UL320_.jpg
Delphi TD4523W Bar Bushing Kit,$5.62,https://m.media-amazon.com/images/I/61NzcsG40SL._AC_UL320_.jpg
D WASHER REPL.,$22.01,https://m.media-amazon.com/images/I/6197HGro18L._AC_UL320_.jpg
IBM 4849KDF Windows Small Business Server 2011 (CD-ROM),$10.82,https://m.media-amazon.com/images/I/71nL4XUcG6L._AC_UL320_.jpg
HP 452698-B21 PCI-X Riser Kit FORDL160G5/DL165G5 Serial Port Card,$14.20,https://m.media-amazon.com/images/I/41foOQuFW2S._AC_UL320_.jpg
HB46/X-003-C-001 Long 12" Tweezers - Copper,$17.02,https://m.media-amazon.com/images/I/61noHr7P5IL._AC_UL320_.jpg
HB46/PROMEGJIG-M-001 ProMegJig 1 oz. / 1.5 oz. - Chrome,$18.08,https://m.media-amazon.com/images/I/61VOtZn5fCL._AC_UL320_.jpg
HB46/BARRAY-001 Barray 4.75" Strainer - Chrome,$12.44,https://m.media-amazon.com/images/I/31gi1j6oOPL._AC_UL320_.jpg
HB46/X-003-PB-001 Long 12" Tweezers - Black,$20.09,https://m.media-amazon.com/images/I/612huvMOZBL._AC_UL320_.jpg
HB46/PF006-001 Proflow - Black,$19.06,https://m.media-amazon.com/images/I/518EjLzMDiL._AC_UL320_.jpg
HB46/PF005-001 Proflow - Copper,$18.76,https://m.media-amazon.com/images/I/51h5qOaN9IL._AC_UL320_.jpg
HB46/X-034-G-001 Toby Tin 19.5 oz. - Gold,$14.73,https://m.media-amazon.com/images/I/31QSgvP76xL._AC_UL320_.jpg
HB46/BARRAY-PB-001 Barray 4.75" Strainer - Black,$18.26,https://m.media-amazon.com/images/I/41utHFWWLeL._AC_UL320_.jpg
HB46/BARRAY-C-001 Barray 4.75" Strainer - Copper,$18.29,https://m.media-amazon.com/images/I/41yO9xGlxJL._AC_UL320_.jpg
HB46/BFSM-001 Barflow 4.75" - Black + Snap-On Protector,$8.59,https://m.media-amazon.com/images/I/31qV2uP1heL._AC_UL320_.jpg
HB46/X-076-C-001 Garnish Tweezers - Copper,$19.39,https://m.media-amazon.com/images/I/31UTWPnk9XL._AC_UL320_.jpg
HB46/X-000.1-001 Snubnose 6.75" Strainer - Chrome,$11.24,https://m.media-amazon.com/images/I/41QwGUNt5ZL._AC_UL320_.jpg
HB46/BARRAY-G-001 Barray 4.75" Strainer - Gold,$21.77,https://m.media-amazon.com/images/I/41DReGYZD9L._AC_UL320_.jpg
Panduit S6219BF,$13.34,https://m.media-amazon.com/images/I/51PAhu22CvL._AC_UL320_.jpg
Panduit N8522BYT,$15.40,https://m.media-amazon.com/images/I/41ogglUD7aL._AC_UL320_.jpg
Panduit N8829BT,$20.17,https://m.media-amazon.com/images/I/81q+I96aqTL._AC_UL320_.jpg
